Keyword,Judul,Penulis,Email,Negara,DOI
Artificial Intelligence,"Remote sensing and artificial intelligence for crop pest and disease monitoring: A systematic review of sensing technologies, AI approaches, and barriers to field adoption",Juan J. Valdiviezo,"20240317@lamolina.edu.pe, jaguilarlome@gmail.com, eturpo@lamolina.edu.pe, rgutierrezl@utec.edu.pe, liarf@lamolina.edu.pe, laruiz@cgf.upv.es",Peru,10.1016/j.atech.2026.102279
Artificial Intelligence,"Influence of perceived ethics, prejudice, and teacher concerns on artificial intelligence literacy and implementation: A cross-sectional study using path analysis",Benicio Gonzalo Acosta-Enriquez,"gcampoverde@unprg.edu.pe, jonathan.ruiz3824@utc.edu.ec, C18167@utp.edu.pe, mangaspilcoj@uss.edu.pe, lblancog@unmsm.edu.pe, t528100220@unitru.edu.pe, liliana_huaranga@unu.edu.pe",Peru,10.1016/j.chbr.2025.100829
Artificial Intelligence,Generating high-resolution climate data in the Andes using artificial intelligence: A lightweight alternative to the WRF model,Christian Carhuancho,ervillanueva@pucp.edu.pe,Peru,10.1016/j.aiig.2025.100143
Artificial Intelligence,Acceptance of artificial intelligence in university contexts: A conceptual analysis based on UTAUT2 theory,Benicio Gonzalo Acosta-Enriquez,"jsaldana@ucv.edu.pe, eramosf@ucv.edu.pe, lvillenaz@ucvvirtual.edu.pe, mangaspilcoj@uss.edu.pe, hrabanal@ucv.edu.pe, fmogollon@ucvvirtual.edu.pe, t528100220@unitru.edu.pe, t052602020@unitru.edu.pe",Peru,10.1016/j.heliyon.2024.e38315
Artificial Intelligence,"Real-world impact of artificial intelligence on adenoma detection: A cross-sectional study at a single center in Lima, Peru",B. Guillen,334@hotmail.com,Peru,10.1016/j.rgmxen.2025.09.028
Big Data Analytics,Adoption of Big Data Analytics and Its Impact on Organizational Performance in Higher Education Mediated by Knowledge Management,Giulio Franz Marchena Sekli,"idelavega@pucp.edu.pe, a20106806@pucp.pe",Peru,10.3390/joitmc7040221
Cloud Computing,Integrated cloud computing and cost effective modelling to delineate the ecological corridors for Spectacled bears (<ce:italic>Tremarctos ornatus</ce:italic>) in the rural territories of the Peruvian Amazon,Alexander Cotrina Sánchez,"soliva@indes-ces.edu.pe, Subhajit.iirs@gmail.com, pedro.mondaca@pucv.cl, alexander.cotrina@untrm.edu.pe, gmeza@indes-ces.edu.pe, rik@unitus.it, cristobal.torres@untrm.edu.pe, ajsalazar@uc.cl, carloshumbertoovsa@ufps.edu.co, betty.guzman@untrm.edu",Peru,10.1016/j.gecco.2022.e02126
Computer Vision,Prevalence of computer vision syndrome: A systematic review and meta-analysis,Fabricio Ccami-Bernal,vbenites@usil.edu.pe,Peru,10.1016/j.optom.2023.100482
Computer Vision,Measurement parameter of color on yacon (<ce:italic>Smallanthus sonchifolius</ce:italic>) slices using a computer vision system,Erick Saldaña,"raul_siche@hotmail.com, rsiche@unitru.edu.pe",Peru,10.1016/j.lwt.2014.06.037
data science,Strengthening capacities of multidisciplinary professionals to apply data science in public health: Experience of an international graduate diploma program in Peru,Alfonso Gutiérrez-Aguado,agutierreza@continental.edu.pe,Peru,10.1016/j.ijmedinf.2022.104913
informatics,Development of an OpenMRS-OMOP ETL tool to support informatics research and collaboration in LMICs,Juan Espinoza,jespinozasalomon@luriechildrens.org,Peru,10.1016/j.cmpbup.2023.100119
machine learning,Development of a Machine Learning technique for the detection of late blight in potato leaves,Joselyn Sanchez-Sanchez,"diarcilaju@uss.edu.pe, ssanchezjoselyn@uss.edu.pe",Peru,10.1016/j.jafr.2026.103109
machine learning,The adaptive markets hypothesis through the lens of machine learning,Julio Villavicencio,villavicencio.j@pucp.edu.pe,Peru,10.1016/j.heliyon.2025.e44280
machine learning,Prediction of biomass and nutritional quality of tropical pastures using multispectral analysis and machine learning models,Josué Tafur-Culqui,tafurjosue27@gmail.com,Peru,10.1016/j.atech.2026.102229
machine learning,Arabica coffee fruit load non-destructive estimation using machine learning techniques and yield simulation,Luis Carlos Imbachí-Quinchua,felipeleonb27@gmail.com,Peru,10.1016/j.atech.2026.102256
